<?xml version="1.0" encoding="utf-8"?>
<odoo>
    <data>

        <record id="website_menu_salon_booking" model="website.menu">
            <field name="name">Bookings</field>
            <field name="url">/page/salon_management/salon_booking_form</field>
            <field name="parent_id" ref="website.main_menu" />
            <field name="sequence" type="int">80</field>
        </record>
        <record id="salon_sequence_updater_01" model="salon.sequence.updater">
            <field name="salon_sequence">Chair-1</field>
        </record>
        <record id="salon_partner_01" model="res.partner">
            <field name="name">Salon Default Customer</field>
            <field name="partner_salon">5</field>
        </record>
        <record id="salon_service_product_01" model="product.template">
            <field name="name">Salon Service</field>
            <field name="type">service</field>
        </record>

    </data>
</odoo>