<?xml version="1.0" encoding="utf-8" ?>
<odoo>
     <data noupdate="1">

        <record id="salon_working_01" model="salon.working.hours">
            <field name="name">Sunday</field>
        </record>
        <record id="salon_working_02" model="salon.working.hours">
            <field name="name">Monday</field>
        </record>
        <record id="salon_working_03" model="salon.working.hours">
            <field name="name">Tuesday</field>
        </record>
        <record id="salon_working_04" model="salon.working.hours">
            <field name="name">Wednesday</field>
        </record>
        <record id="salon_working_05" model="salon.working.hours">
            <field name="name">Thursday</field>
        </record>
        <record id="salon_working_06" model="salon.working.hours">
            <field name="name">Friday</field>
        </record>
        <record id="salon_working_07" model="salon.working.hours">
            <field name="name">Saturday</field>
        </record>

    </data>
</odoo>