<?xml version="1.0" encoding="utf-8"?>
<odoo>
    <data>

        <record id="module_category_salon_management" model="ir.module.category">
            <field name="name">Salon Management</field>
            <field name="description">Helps you handle your salon needs</field>
            <field name="sequence">5</field>
        </record>
        <record id="group_salon_user" model="res.groups">
            <field name="name">Chair User</field>
            <field name="category_id" ref="salon_management.module_category_salon_management" />
            <field name="implied_ids" eval="[(4, ref('base.group_user'))]" />
        </record>
        <record id="group_salon_manager" model="res.groups">
            <field name="name">Salon Manager</field>
            <field name="category_id" ref="salon_management.module_category_salon_management" />
            <field name="implied_ids" eval="[(4, ref('group_salon_user'))]" />
            <field name="users" eval="[(4, ref('base.user_root')), (4, ref('base.user_admin'))]" />
        </record>

    </data>
</odoo>
